Phase:, , , , , , , , Test
Epoch:, Acc, Negative_Precision, Negative_Recall, Negative_Sensitivity, Negative_Specificity, Negative_NPV, Negative_F1_score, Positive_Precision, Positive_Recall, Positive_Sensitivity, Positive_Specificity, Positive_NPV, Positive_F1_score, 
test, 90.6496062992126, 93.01972685887709, 92.59818731117825, 92.59818731117825, 87.00564971751412, 86.27450980392157, 92.80847842543528, 86.27450980392157, 87.00564971751412, 87.00564971751412, 92.59818731117825, 93.01972685887709, 86.63853727144867, 
