Phase:, , , , , , , , Test
Epoch:, Acc, Negative_Precision, Negative_Recall, Negative_Sensitivity, Negative_Specificity, Negative_NPV, Negative_F1_score, Positive_Precision, Positive_Recall, Positive_Sensitivity, Positive_Specificity, Positive_NPV, Positive_F1_score, 
test, 89.56692913385827, 88.93557422969188, 95.9214501510574, 95.9214501510574, 77.68361581920904, 91.05960264900662, 92.29651162790698, 91.05960264900662, 77.68361581920904, 77.68361581920904, 95.9214501510574, 88.93557422969188, 83.84146341463415, 
