Phase:, , , , , , , , Test
Epoch:, Acc, Negative_Precision, Negative_Recall, Negative_Sensitivity, Negative_Specificity, Negative_NPV, Negative_F1_score, Positive_Precision, Positive_Recall, Positive_Sensitivity, Positive_Specificity, Positive_NPV, Positive_F1_score, 
test, 89.66535433070865, 91.01620029455081, 93.35347432024169, 93.35347432024169, 82.7683615819209, 86.94362017804154, 92.17002237136465, 86.94362017804154, 82.7683615819209, 82.7683615819209, 93.35347432024169, 91.01620029455081, 84.80463096960928, 
