Phase:, , , , , , , , Test
Epoch:, Acc, Negative_Precision, Negative_Recall, Negative_Sensitivity, Negative_Specificity, Negative_NPV, Negative_F1_score, Positive_Precision, Positive_Recall, Positive_Sensitivity, Positive_Specificity, Positive_NPV, Positive_F1_score, 
test, 90.05905511811024, 89.900426742532, 95.46827794561933, 95.46827794561933, 79.94350282485875, 90.41533546325878, 92.6007326007326, 90.41533546325878, 79.94350282485875, 79.94350282485875, 95.46827794561933, 89.900426742532, 84.8575712143928, 
