Phase:, , , , , , , , Test
Epoch:, Acc, Negative_Precision, Negative_Recall, Negative_Sensitivity, Negative_Specificity, Negative_NPV, Negative_F1_score, Positive_Precision, Positive_Recall, Positive_Sensitivity, Positive_Specificity, Positive_NPV, Positive_F1_score, 
test, 89.66535433070865, 89.17018284106892, 95.7703927492447, 95.7703927492447, 78.24858757062147, 90.81967213114754, 92.35251274581209, 90.81967213114754, 78.24858757062147, 78.24858757062147, 95.7703927492447, 89.17018284106892, 84.06676783004552, 
