Phase:, , , , , , , , Test
Epoch:, Acc, Negative_Precision, Negative_Recall, Negative_Sensitivity, Negative_Specificity, Negative_NPV, Negative_F1_score, Positive_Precision, Positive_Recall, Positive_Sensitivity, Positive_Specificity, Positive_NPV, Positive_F1_score, 
test, 92.61811023622047, 93.61069836552748, 95.16616314199396, 95.16616314199396, 87.85310734463278, 90.67055393586006, 94.3820224719101, 90.67055393586006, 87.85310734463278, 87.85310734463278, 95.16616314199396, 93.61069836552748, 89.23959827833572, 
