Phase:, , , , , , , , Test
Epoch:, Acc, Negative_Precision, Negative_Recall, Negative_Sensitivity, Negative_Specificity, Negative_NPV, Negative_F1_score, Positive_Precision, Positive_Recall, Positive_Sensitivity, Positive_Specificity, Positive_NPV, Positive_F1_score, 
test, 92.1259842519685, 93.17507418397626, 94.86404833836858, 94.86404833836858, 87.00564971751412, 90.05847953216374, 94.0119760479042, 90.05847953216374, 87.00564971751412, 87.00564971751412, 94.86404833836858, 93.17507418397626, 88.50574712643679, 
