Phase:, , , , , , , , Test
Epoch:, Acc, Negative_Precision, Negative_Recall, Negative_Sensitivity, Negative_Specificity, Negative_NPV, Negative_F1_score, Positive_Precision, Positive_Recall, Positive_Sensitivity, Positive_Specificity, Positive_NPV, Positive_F1_score, 
test, 93.01181102362204, 94.17040358744394, 95.16616314199396, 95.16616314199396, 88.98305084745763, 90.77809798270893, 94.66566491359879, 90.77809798270893, 88.98305084745763, 88.98305084745763, 95.16616314199396, 94.17040358744394, 89.8716119828816, 
