Phase:, , , , , , , , Test
Epoch:, Acc, Negative_Precision, Negative_Recall, Negative_Sensitivity, Negative_Specificity, Negative_NPV, Negative_F1_score, Positive_Precision, Positive_Recall, Positive_Sensitivity, Positive_Specificity, Positive_NPV, Positive_F1_score, 
test, 93.60236220472441, 94.75262368815592, 95.46827794561933, 95.46827794561933, 90.11299435028249, 91.40401146131805, 95.10910458991724, 91.40401146131805, 90.11299435028249, 90.11299435028249, 95.46827794561933, 94.75262368815592, 90.75391180654339, 
