Phase:, , , , , , , , Test
Epoch:, Acc, Negative_Precision, Negative_Recall, Negative_Sensitivity, Negative_Specificity, Negative_NPV, Negative_F1_score, Positive_Precision, Positive_Recall, Positive_Sensitivity, Positive_Specificity, Positive_NPV, Positive_F1_score, 
test, 93.89763779527559, 94.51038575667656, 96.22356495468279, 96.22356495468279, 89.54802259887006, 92.69005847953217, 95.35928143712576, 92.69005847953217, 89.54802259887006, 89.54802259887006, 96.22356495468279, 94.51038575667656, 91.0919540229885, 
