Phase:, , , , , , , , Test
Epoch:, Acc, Negative_Precision, Negative_Recall, Negative_Sensitivity, Negative_Specificity, Negative_NPV, Negative_F1_score, Positive_Precision, Positive_Recall, Positive_Sensitivity, Positive_Specificity, Positive_NPV, Positive_F1_score, 
test, 93.40551181102363, 94.33681073025335, 95.61933534743203, 95.61933534743203, 89.26553672316385, 91.59420289855072, 94.97374343585896, 91.59420289855072, 89.26553672316385, 89.26553672316385, 95.61933534743203, 94.33681073025335, 90.41487839771102, 
