Phase:, , , , , , , , Test
Epoch:, Acc, Negative_Precision, Negative_Recall, Negative_Sensitivity, Negative_Specificity, Negative_NPV, Negative_F1_score, Positive_Precision, Positive_Recall, Positive_Sensitivity, Positive_Specificity, Positive_NPV, Positive_F1_score, 
test, 93.50393700787401, 94.0828402366864, 96.07250755287009, 96.07250755287009, 88.70056497175142, 92.3529411764706, 95.06726457399104, 92.3529411764706, 88.70056497175142, 88.70056497175142, 96.07250755287009, 94.0828402366864, 90.4899135446686, 
