Phase:, , , , , , , , Test
Epoch:, Acc, Negative_Precision, Negative_Recall, Negative_Sensitivity, Negative_Specificity, Negative_NPV, Negative_F1_score, Positive_Precision, Positive_Recall, Positive_Sensitivity, Positive_Specificity, Positive_NPV, Positive_F1_score, 
test, 93.40551181102363, 94.60269865067467, 95.31722054380664, 95.31722054380664, 89.83050847457628, 91.11747851002865, 94.95861550037623, 91.11747851002865, 89.83050847457628, 89.83050847457628, 95.31722054380664, 94.60269865067467, 90.46941678520626, 
