Phase:, , , , , , , , Test
Epoch:, Acc, Negative_Precision, Negative_Recall, Negative_Sensitivity, Negative_Specificity, Negative_NPV, Negative_F1_score, Positive_Precision, Positive_Recall, Positive_Sensitivity, Positive_Specificity, Positive_NPV, Positive_F1_score, 
test, 93.99606299212599, 95.05247376311844, 95.7703927492447, 95.7703927492447, 90.67796610169492, 91.97707736389685, 95.41008276899923, 91.97707736389685, 90.67796610169492, 90.67796610169492, 95.7703927492447, 95.05247376311844, 91.32290184921764, 
