Phase:, , , , , , , , Test
Epoch:, Acc, Negative_Precision, Negative_Recall, Negative_Sensitivity, Negative_Specificity, Negative_NPV, Negative_F1_score, Positive_Precision, Positive_Recall, Positive_Sensitivity, Positive_Specificity, Positive_NPV, Positive_F1_score, 
test, 92.51968503937007, 94.52887537993921, 93.95770392749245, 93.95770392749245, 89.83050847457628, 88.8268156424581, 94.24242424242424, 88.8268156424581, 89.83050847457628, 89.83050847457628, 93.95770392749245, 94.52887537993921, 89.32584269662921, 
