Phase:, , , , , , , , Test
Epoch:, Acc, Negative_Precision, Negative_Recall, Negative_Sensitivity, Negative_Specificity, Negative_NPV, Negative_F1_score, Positive_Precision, Positive_Recall, Positive_Sensitivity, Positive_Specificity, Positive_NPV, Positive_F1_score, 
test, 92.71653543307087, 94.41087613293051, 94.41087613293051, 94.41087613293051, 89.54802259887006, 89.54802259887006, 94.41087613293051, 89.54802259887006, 89.54802259887006, 89.54802259887006, 94.41087613293051, 94.41087613293051, 89.54802259887006, 
