Phase:, , , , , , , , Test
Epoch:, Acc, Negative_Precision, Negative_Recall, Negative_Sensitivity, Negative_Specificity, Negative_NPV, Negative_F1_score, Positive_Precision, Positive_Recall, Positive_Sensitivity, Positive_Specificity, Positive_NPV, Positive_F1_score, 
test, 90.35433070866141, 90.8695652173913, 94.7129909365559, 94.7129909365559, 82.20338983050847, 89.2638036809816, 92.75147928994082, 89.2638036809816, 82.20338983050847, 82.20338983050847, 94.7129909365559, 90.8695652173913, 85.58823529411764, 
